<?xml version="1.0" encoding="UTF-8"?>
<!DOCTYPE jboss PUBLIC "-//JBoss//DTD JBOSS//EN" "http://www.jboss.org/j2ee/dtd/jboss.dtd">

<jboss>

   <enterprise-beans>

      <session>
         <ejb-name>LoginVerifierBean</ejb-name>
         <local-jndi-name>LoginVerifierBean</local-jndi-name>
      </session>

	<session>
         <ejb-name>RegisterUserBean</ejb-name>
         <local-jndi-name>RegisterUserBean</local-jndi-name>
      </session>	

	<session>
         <ejb-name>SearchBookBean</ejb-name>
         <local-jndi-name>SearchBookBean</local-jndi-name>
      </session>	

     <message-driven>
          <ejb-name>BookOrderReceiverBean</ejb-name>
          <configuration-bean>Standard Message Driven Bean</configuration-bean>
          <destination-jndi-name>queue/testQueue</destination-jndi-name>
       </message-driven>

   </enterprise-beans>

   <resource-managers>
   </resource-managers>

</jboss>
